{
  "Ansi 3 Color" : {
    "Green Component" : 0.62745098039215685,
    "Red Component" : 0.9882352941176471,
    "Blue Component" : 0.18431372549019609
  },
  "Tags" : [

  ],
  "Ansi 12 Color" : {
    "Green Component" : 0.73725490196078436,
    "Red Component" : 0.10588235294117647,
    "Blue Component" : 0.8666666666666667
  },
  "Ansi 7 Color" : {
    "Green Component" : 0.72156862745098038,
    "Red Component" : 0.87058823529411766,
    "Blue Component" : 0.55294117647058827
  },
  "Ansi 8 Color" : {
    "Green Component" : 0.29498501608990069,
    "Red Component" : 0.26240254615676384,
    "Blue Component" : 0.32382625598086123
  },
  "Bold Color" : {
    "Green Component" : 0.89531013231922107,
    "Red Component" : 1,
    "Blue Component" : 0.79812917160176711
  },
  "Ansi 9 Color" : {
    "Green Component" : 0.52698167153967512,
    "Red Component" : 0.83022880554199219,
    "Blue Component" : 0.46892771905905006
  },
  "Ansi 4 Color" : {
    "Red Component" : 0.14509803921568629,
    "Color Space" : "sRGB",
    "Alpha Component" : 1,
    "Blue Component" : 0.3843137254901961,
    "Green Component" : 0.35294117647058826
  },
  "Ansi 5 Color" : {
    "Red Component" : 0.46666666666666667,
    "Color Space" : "sRGB",
    "Alpha Component" : 1,
    "Blue Component" : 0.95686274509803926,
    "Green Component" : 0.85882352941176465
  },
  "Rows" : 25,
  "Default Bookmark" : "No",
  "Cursor Guide Color" : {
    "Red Component" : 0.70213186740875244,
    "Color Space" : "sRGB",
    "Alpha Component" : 0.25,
    "Blue Component" : 1,
    "Green Component" : 0.9268307089805603
  },
  "Non-ASCII Anti Aliased" : true,
  "Use Bright Bold" : true,
  "Ansi 10 Color" : {
    "Red Component" : 0.45098039215686275,
    "Color Space" : "sRGB",
    "Alpha Component" : 1,
    "Blue Component" : 0.6588235294117647,
    "Green Component" : 0.61568627450980395
  },
  "Ambiguous Double Width" : false,
  "Jobs to Ignore" : [
    "rlogin",
    "ssh",
    "slogin",
    "telnet"
  ],
  "Ansi 15 Color" : {
    "Green Component" : 0.89301812648773193,
    "Red Component" : 0.99757575988769531,
    "Blue Component" : 0.80732721090316772
  },
  "Foreground Color" : {
    "Red Component" : 0.35646112635731697,
    "Color Space" : "sRGB",
    "Alpha Component" : 1,
    "Blue Component" : 0.52581787109375,
    "Green Component" : 0.4164295769521083
  },
  "Working Directory" : "\/Users\/matters",
  "Blinking Cursor" : false,
  "Disable Window Resizing" : true,
  "Sync Title" : false,
  "Prompt Before Closing 2" : false,
  "BM Growl" : true,
  "Command" : "",
  "Description" : "Default",
  "Space" : 0,
  "Mouse Reporting" : false,
  "Screen" : -1,
  "Selection Color" : {
    "Green Component" : 0.28443798357547873,
    "Red Component" : 0.11852433403854147,
    "Blue Component" : 0.38610197368421051
  },
  "Columns" : 80,
  "Idle Code" : 0,
  "Hide After Opening" : false,
  "Ansi 13 Color" : {
    "Green Component" : 0.89120521206534375,
    "Red Component" : 0.73474208704982036,
    "Blue Component" : 0.93523198366165161
  },
  "Custom Command" : "No",
  "ASCII Anti Aliased" : true,
  "Non Ascii Font" : "Monaco 12",
  "Vertical Spacing" : 1,
  "Use Bold Font" : true,
  "Option Key Sends" : 0,
  "Selected Text Color" : {
    "Green Component" : 0.89301812648773193,
    "Red Component" : 0.99757575988769531,
    "Blue Component" : 0.80732721090316772
  },
  "Background Color" : {
    "Green Component" : 0.07801758090259632,
    "Red Component" : 0.034136744328529464,
    "Blue Component" : 0.10503887559808611
  },
  "Character Encoding" : 4,
  "Ansi 11 Color" : {
    "Green Component" : 0.82563709863019064,
    "Red Component" : 0.99224758148193359,
    "Blue Component" : 0.62336811667883607
  },
  "Use Italic Font" : true,
  "Unlimited Scrollback" : true,
  "Keyboard Map" : {
    "0xf700-0x260000" : {
      "Text" : "[1;6A",
      "Action" : 10
    },
    "0x37-0x40000" : {
      "Text" : "0x1f",
      "Action" : 11
    },
    "0x32-0x40000" : {
      "Text" : "0x00",
      "Action" : 11
    },
    "0xf709-0x20000" : {
      "Text" : "[17;2~",
      "Action" : 10
    },
    "0xf70c-0x20000" : {
      "Text" : "[20;2~",
      "Action" : 10
    },
    "0xf729-0x20000" : {
      "Text" : "[1;2H",
      "Action" : 10
    },
    "0xf72b-0x40000" : {
      "Text" : "[1;5F",
      "Action" : 10
    },
    "0xf705-0x20000" : {
      "Text" : "[1;2Q",
      "Action" : 10
    },
    "0xf703-0x260000" : {
      "Text" : "[1;6C",
      "Action" : 10
    },
    "0xf700-0x220000" : {
      "Text" : "[1;2A",
      "Action" : 10
    },
    "0xf701-0x280000" : {
      "Text" : "0x1b 0x1b 0x5b 0x42",
      "Action" : 11
    },
    "0x38-0x40000" : {
      "Text" : "0x7f",
      "Action" : 11
    },
    "0x33-0x40000" : {
      "Text" : "0x1b",
      "Action" : 11
    },
    "0xf703-0x220000" : {
      "Text" : "[1;2C",
      "Action" : 10
    },
    "0xf701-0x240000" : {
      "Text" : "[1;5B",
      "Action" : 10
    },
    "0xf70d-0x20000" : {
      "Text" : "[21;2~",
      "Action" : 10
    },
    "0xf702-0x260000" : {
      "Text" : "[1;6D",
      "Action" : 10
    },
    "0xf729-0x40000" : {
      "Text" : "[1;5H",
      "Action" : 10
    },
    "0xf706-0x20000" : {
      "Text" : "[1;2R",
      "Action" : 10
    },
    "0x34-0x40000" : {
      "Text" : "0x1c",
      "Action" : 11
    },
    "0xf700-0x280000" : {
      "Text" : "0x1b 0x1b 0x5b 0x41",
      "Action" : 11
    },
    "0x2d-0x40000" : {
      "Text" : "0x1f",
      "Action" : 11
    },
    "0xf70e-0x20000" : {
      "Text" : "[23;2~",
      "Action" : 10
    },
    "0xf702-0x220000" : {
      "Text" : "[1;2D",
      "Action" : 10
    },
    "0xf703-0x280000" : {
      "Text" : "0x1b 0x1b 0x5b 0x43",
      "Action" : 11
    },
    "0xf700-0x240000" : {
      "Text" : "[1;5A",
      "Action" : 10
    },
    "0xf707-0x20000" : {
      "Text" : "[1;2S",
      "Action" : 10
    },
    "0xf70a-0x20000" : {
      "Text" : "[18;2~",
      "Action" : 10
    },
    "0x35-0x40000" : {
      "Text" : "0x1d",
      "Action" : 11
    },
    "0xf70f-0x20000" : {
      "Text" : "[24;2~",
      "Action" : 10
    },
    "0xf703-0x240000" : {
      "Text" : "[1;5C",
      "Action" : 10
    },
    "0xf701-0x260000" : {
      "Text" : "[1;6B",
      "Action" : 10
    },
    "0xf702-0x280000" : {
      "Text" : "0x1b 0x1b 0x5b 0x44",
      "Action" : 11
    },
    "0xf72b-0x20000" : {
      "Text" : "[1;2F",
      "Action" : 10
    },
    "0x36-0x40000" : {
      "Text" : "0x1e",
      "Action" : 11
    },
    "0xf708-0x20000" : {
      "Text" : "[15;2~",
      "Action" : 10
    },
    "0xf701-0x220000" : {
      "Text" : "[1;2B",
      "Action" : 10
    },
    "0xf70b-0x20000" : {
      "Text" : "[19;2~",
      "Action" : 10
    },
    "0xf702-0x240000" : {
      "Text" : "[1;5D",
      "Action" : 10
    },
    "0xf704-0x20000" : {
      "Text" : "[1;2P",
      "Action" : 10
    }
  },
  "Window Type" : 2,
  "Background Image Location" : "",
  "Blur" : false,
  "Badge Color" : {
    "Red Component" : 1,
    "Color Space" : "sRGB",
    "Alpha Component" : 0.5,
    "Blue Component" : 0,
    "Green Component" : 0.1491314172744751
  },
  "Scrollback Lines" : 0,
  "Send Code When Idle" : false,
  "Close Sessions On End" : true,
  "Terminal Type" : "xterm-256color",
  "Visual Bell" : true,
  "Flashing Bell" : false,
  "Silence Bell" : false,
  "Ansi 14 Color" : {
    "Red Component" : 0,
    "Color Space" : "sRGB",
    "Alpha Component" : 1,
    "Blue Component" : 1,
    "Green Component" : 0.81785279512405396
  },
  "Name" : "Matters",
  "Cursor Text Color" : {
    "Green Component" : 0.075849346816539764,
    "Red Component" : 0.031705662608146667,
    "Blue Component" : 0.10319089144468307
  },
  "Shortcut" : "",
  "Cursor Color" : {
    "Green Component" : 0.62745098039215685,
    "Red Component" : 0.9882352941176471,
    "Blue Component" : 0.18431372549019609
  },
  "Ansi 0 Color" : {
    "Red Component" : 0.11372549019607843,